{
    "BG": {
             "Nominal":[23158.0605468750000, 19058.7011718750000, 19271.7480468750000, 26099.2851562500000],
             "JESUP":[105,115,125,135],
             "JESDO":[95,105,115,125]
    }

}

