{
    "BG": {
             "Nominal":[3660.330810546875, 3241.650634765625, 3324.2392578125, 4085.3720703125],
             "JESUP":[105,115,125,135],
             "JESDO":[95,105,115,125]
    }

}

